Workbook

Sheet Raw_Data
A1: customer_id | B1: full_name | C1: gender | D1: birth_date | E1: phone | F1: email | G1: city | H1: region | I1: loyalty_tier | J1: registration_date
A2: CUS01518 | B2: Mohamed Mansour | C2: Male | D2: 29707 | E2: 1158132110 | F2: mohamed.mansour52@hotmail.com | G2: Suez | H2: Canal Zone | I2: Bronze | J2: 44184
A3: CUS02370 | B3: Maged Lotfy | C3: Male | D3: 37721 | E3: 1281872177 | G3: Zagazig | H3: Nile Delta | I3: Bronze | J3: 44329
A4: CUS01962 | B4: Ahmed Hafez | C4: MALE | D4: 26056 | E4: 1141856715 | F4: ahmed.hafez18@outlook.com | G4: Giza | H4: Greater Cairo | I4: Gold | J4: 45195
A5: CUS00344 | B5: Hoda Fathy | C5: female | D5: 36665 | E5: 1195645083 | F5: hoda.fathy26@outlook.com | G5: Giza | H5: Greater Cairo | I5: Bronze | J5: 44384
A6: CUS02664 | B6: Hussein Lotfy | C6: MALE | D6: 36155 | E6: 1149528740 | F6: hussein.lotfy80@gmail.com | G6: Tanta | H6: Nile Delta | I6: gold | J6: 44839
A7: CUS01174 | B7: Nour Mostafa | C7: Female | D7: 30843 | E7: 1114481563 | F7: nour.mostafa72@hotmail.com | G7: Cairo | H7: Greater Cairo | I7: SILVER | J7: 44476
A8: CUS02677 | B8: Hazem Hamdy | C8: MALE | D8: 27297 | E8: 1084698064 | F8: hazem.hamdy68@outlook.com | G8: Giza | H8: Greater Cairo | I8: Bronze | J8: 43858
A9: CUS01028 | B9: Fatima Ramadan | C9: Female | D9: 27687 | E9: 1019232076 | F9: fatima.ramadan42@outlook.com | G9: Aswan | H9: Upper Egypt | I9: Bronze | J9: 45019
A10: CUS02084 | B10: Ramy Farouk | C10: male | E10: 1069113227 | G10: Suez | H10: Canal Zone | I10: Silver | J10: 44448
A11: CUS01445 | B11: Sherif Zaki | C11: Male | D11: 33609 | F11: sherif.zaki7@hotmail.com | G11: Luxor | H11: Upper Egypt | I11: Silver | J11: 44129
A12: CUS00933 | C12: Male | D12: 33225 | E12: 1229438263 | F12: bassem.farouk40@gmail.com | G12: Ismailia | H12: Canal Zone | I12: Silver | J12: 44191
A13: CUS00179 | B13: Hossam Fathy | C13: male | D13: 29867 | E13: 1248988647 | F13: hossam.fathy16@yahoo.com | G13: Port Said | I13: Bronze | J13: 45109
A14: CUS01594 | B14: Hoda Badawi | C14: Female | D14: 14/11/1985 | E14: 1271886181 | F14: hoda.badawi40@yahoo.com | G14: Cairo | H14: Greater Cairo | I14: Gold | J14: 44701
A15: CUS01948 | B15: Ahmed Mostafa | C15: male | D15: 1980-12-01 | E15: 1070428122 | F15: ahmed.mostafa83@hotmail.com | G15: Cairo | H15: Greater Cairo | I15: Platinum | J15: 44762
A16: CUS01663 | B16: Yasmin Khalil | C16: Female | E16: 1078622351 | F16: yasmin.khalil15@gmail.com | G16: Suez | H16: Canal Zone | I16: Silver | J16: 11/23/2023
A17: CUS02432 | B17: Hussein Younis | C17: Male | D17: 34676 | E17: 1224467198 | F17: hussein.younis30@yahoo.com | G17: Aswan | H17: Upper Egypt | I17: Bronze | J17: not a date
A18: CUS02863 | B18: Ramy Ramadan | C18: UnknownGender | D18: 32650 | E18: 1019329244 | F18: ramy.ramadan58@yahoo.com | G18: Port Said | H18: Canal Zone | I18: Platinum | J18: 45035
A19: CUS02343 | B19: Doha Shaaban | C19: Female | D19: 35936 | E19: 1093235590 | F19: doha.shaaban46@gmail.com | G19: Cairo | H19: Greater Cairo | I19: Platinum | J19: 44792
A20: CUS01498 | B20: Tarek Ragab | C20: Male | D20: 27080 | E20: 1290242618 | F20: tarek.ragab11@gmail.com | G20: Alexandria | H20: Alexandria | I20: Silver | J20: 44146
A21: CUS02967 | B21: Ibrahim Bakr | C21: Male | D21: 29300 | E21: 1221940949 | F21: ibrahim.bakr8@outlook.com | G21: Zagazig | H21: Nile Delta | I21: Platinum | J21: 44486
A22: CUS02414 | B22: Salma Zaki | C22: FEMALE | D22: 28252 | E22: 1095240437 | F22: salma.zaki23@hotmail.com | G22: Cairo | H22: Greater Cairo | I22: Bronze | J22: 45177
A23: CUS02808 | B23: Ramy Ali | C23: Male | D23: 34985 | E23: 1225235645 | F23: ramy.ali33@hotmail.com | G23: Cairo | H23: Greater Cairo | I23: Bronze | J23: 44627
A24: CUS01284 | B24: Hany Khalil | C24: Male | D24: 35454 | E24: 1258398175 | F24: hany.khalil59@outlook.com | G24: Cairo | H24: Greater Cairo | I24: Bronze | J24: 45063
A25: CUS02869 | B25: Engy Attia | C25: Female | E25: 1027978174 | F25: engy.attia68@yahoo.com | G25: Giza | H25: Greater Cairo | I25: Bronze | J25: 43837
A26: CUS00890 | B26: Tarek Lotfy | C26: Male | D26: 32574 | E26: 1044810342 | G26: Cairo | H26: Greater Cairo | I26: Bronze | J26: 44940
A27: CUS01460 | B27: Nour Bakr | C27: Female | D27: 29284 | E27: 1126675052 | F27: nour.bakr54@hotmail.com | G27: Mansoura | H27: Nile Delta | I27: Silver | J27: 44094
A28: CUS00652 | B28: Ramy Mansour | C28: MALE | D28: 35566 | E28: 1034772080 | F28: ramy.mansour11@hotmail.com | G28: Alexandria | H28: Alexandria | I28: Bronze | J28: 44974
A29: CUS01437 | B29: Yasmin Abdallah | C29: Female | D29: 35285 | E29: 1223416165 | F29: yasmin.abdallah68@gmail.com | G29: Giza | H29: Greater Cairo | I29: Gold | J29: 44816
A30: CUS00555 | B30: Omar Ahmed | C30: Male | D30: 28759 | E30: 1167096991 | G30: Luxor | H30: Upper Egypt | I30: Bronze | J30: 45132
A31: CUS02264 | B31: Hussein Hassan | C31: male | D31: 28380 | E31: 1216614286 | F31: hussein.hassan95@hotmail.com | G31: Giza | H31: Greater Cairo | I31: Silver | J31: 44585
A32: CUS00440 | B32: Ahmed Zaki | C32: male | D32: 30201 | E32: 1214344197 | G32: Cairo | H32: Greater Cairo | I32: Bronze | J32: 44928
A33: CUS02568 | B33: Rana Ismail | C33: female | D33: 34344 | E33: 1046060709 | F33: rana.ismail64@gmail.com | G33: Giza | H33: Greater Cairo | I33: Gold | J33: 44243
A34: CUS01042 | B34: Amr Salem | C34: Male | D34: 37096 | E34: 1143524010 | F34: amr.salem38@yahoo.com | G34: Hurghada | H34: Red Sea | I34: Bronze | J34: 44240
A35: CUS01227 | B35: Fady Lotfy | C35: male | D35: 32591 | E35: 1228177418 | F35: fady.lotfy20@gmail.com | G35: Giza | H35: Greater Cairo | I35: Gold | J35: 44297
A36: CUS00189 | B36: Dina Attia | C36: Female | D36: 28548 | E36: 1272850928 | F36: dina.attia61@yahoo.com | G36: Alexandria | H36: Alexandria | I36: Gold | J36: 44283
A37: CUS01780 | B37: Sherif Hamdy | C37: Male | D37: 36205 | E37: 1164024116 | G37: Aswan | H37: Upper Egypt | I37: Silver | J37: 43837
A38: CUS00496 | B38: Nadia Badawi | C38: Female | D38: 28311 | E38: 1212906871 | F38: nadia.badawi95@yahoo.com | G38: Giza | H38: Greater Cairo | I38: Bronze | J38: 45148
A39: CUS00791 | B39: Ibrahim Hamdy | C39: Male | D39: 33067 | E39: 1279641006 | F39: ibrahim.hamdy27@outlook.com | G39: Cairo | H39: Greater Cairo | I39: Silver | J39: 44679
A40: CUS00573 | B40: Manar Ibrahim | C40: Female | D40: 33838 | E40: 1288709162 | F40: manar.ibrahim47@hotmail.com | G40: Giza | H40: Greater Cairo | I40: Silver | J40: 44124
A41: CUS02191 | B41: Hoda Younis | C41: Female | D41: 32063 | E41: 1160605064 | F41: hoda.younis8@hotmail.com | G41: Cairo | H41: Greater Cairo | I41: Bronze | J41: 45050
A42: CUS01711 | B42: Hana Badawi | C42: Female | D42: 32168 | E42: 1259175761 | F42: hana.badawi79@yahoo.com | G42: Cairo | H42: Greater Cairo | I42: Silver | J42: 45133
A43: CUS00832 | B43: Rania Ahmed | C43: female | D43: 28076 | E43: 1112423190 | F43: rania.ahmed91@gmail.com | G43: Giza | H43: Greater Cairo | I43: Bronze | J43: 44700
A44: CUS00360 | B44: Heba Lotfy | C44: Female | D44: 32722 | E44: 1210626224 | F44: heba.lotfy31@yahoo.com | G44: Alexandria | H44: Alexandria | I44: Bronze | J44: 43844
A45: CUS02620 | B45: Essam Salem | C45: Male | D45: 30133 | E45: 1178042648 | F45: essam.salem29@yahoo.com | G45: Giza | H45: Greater Cairo | I45: Gold | J45: 44099
A46: CUS02008 | B46: Dalia Gamal | C46: FEMALE | D46: 28349 | E46: 1193356597 | F46: dalia.gamal68@gmail.com | G46: Hurghada | H46: Red Sea | I46: Bronze | J46: 44946
A47: CUS00569 | B47: Ghada Gouda | C47: Female | D47: 34821 | E47: 1078043121 | F47: ghada.gouda76@gmail.com | G47: Suez | H47: Canal Zone | I47: Gold | J47: 44445
A48: CUS00103 | B48: Doha Ramadan | C48: Female | D48: 29231 | E48: 1039732676 | F48: doha.ramadan87@hotmail.com | G48: Giza | H48: Greater Cairo | I48: Bronze | J48: 45153
A49: CUS01584 | B49: Adel Hamdy | C49: Male | D49: 35143 | E49: 1073604365 | G49: Alexandria | H49: Alexandria | I49: Silver | J49: 43928
A50: CUS02287 | B50: Engy Gouda | C50: Female | D50: 28496 | E50: 1115247808 | F50: engy.gouda79@gmail.com | G50: Ismailia | H50: Canal Zone | I50: Gold | J50: 44153
A51: CUS02013 | B51: Zeinab Wahba | C51: Female | D51: 34223 | E51: 1146337178 | F51: zeinab.wahba56@outlook.com | G51: Suez | H51: Canal Zone | I51: Gold | J51: 44387
A52: CUS02663 | B52: Emad Khalil | C52: Male | D52: 29876 | E52: 1099277799 | F52: emad.khalil79@outlook.com | G52: Cairo | H52: Greater Cairo | I52: Bronze | J52: 45263
A53: CUS02824 | B53: Aisha Saad | C53: Female | D53: 36545 | E53: 1085204135 | G53: Cairo | H53: Greater Cairo | I53: Bronze | J53: 44504
A54: CUS01180 | B54: Doha Abdallah | C54: Female | D54: 31959 | E54: 1024212949 | F54: doha.abdallah41@gmail.com | G54: Alexandria | H54: Alexandria | I54: Silver | J54: 44675
A55: CUS00052 | B55: Emad Ahmed | C55: Male | D55: 29211 | E55: 1021503440 | F55: emad.ahmed30@gmail.com | G55: Hurghada | H55: Red Sea | I55: Platinum | J55: 45183
A56: CUS00508 | B56: Mona Gamal | C56: Female | D56: 27230 | E56: 1292199318 | F56: mona.gamal93@gmail.com | G56: Aswan | H56: Upper Egypt | I56: Silver | J56: 43846
A57: CUS01018 | B57: Ayman Fathy | C57: Male | E57: 1189602636 | F57: ayman.fathy26@outlook.com | G57: Alexandria | H57: Alexandria | I57: Platinum | J57: 44765
A58: CUS01092 | B58: Aisha Mostafa | C58: Female | D58: 28406 | E58: 1220713289 | F58: aisha.mostafa61@hotmail.com | G58: Mansoura | H58: Nile Delta | I58: Bronze | J58: 44528
A59: CUS00064 | B59: Emad Bakr | C59: male | D59: 31918 | E59: 1297438349 | F59: emad.bakr77@outlook.com | G59: Giza | H59: Greater Cairo | I59: Silver | J59: 44870
A60: CUS00945 | B60: Karim Ramadan | C60: Male | D60: 35315 | E60: 1184351399 | F60: karim.ramadan21@outlook.com | G60: Cairo | H60: Greater Cairo | I60: Bronze | J60: 44943
A61: CUS02376 | B61: Maged Bakr | C61: Male | D61: 27756 | E61: 1150176369 | F61: maged.bakr1@hotmail.com | G61: Cairo | H61: Greater Cairo | I61: Silver | J61: 45105
A62: CUS00045 | B62: Samir Abdallah | C62: Male | D62: 29598 | E62: 1286884584 | G62: Cairo | H62: Greater Cairo | I62: Silver | J62: 44842
A63: CUS02708 | B63: Hossam Ibrahim | C63: male | D63: 29646 | E63: 1129465805 | F63: hossam.ibrahim93@yahoo.com | G63: Cairo | H63: Greater Cairo | I63: Silver | J63: 44579
A64: CUS01511 | B64: Ali Ragab | C64: Male | D64: 34260 | E64: 1199072761 | F64: ali.ragab56@yahoo.com | G64: Aswan | H64: Upper Egypt | I64: Bronze | J64: 44722
A65: CUS00255 | B65: Magdy Barakat | C65: Male | D65: 27430 | E65: 1163770881 | F65: magdy.barakat22@gmail.com | G65: Cairo | H65: Greater Cairo | I65: Bronze | J65: 44662
A66: CUS00322 | B66: Shaimaa Ragab | C66: Female | D66: 35854 | E66: 1277166896 | F66: shaimaa.ragab32@outlook.com | G66: Tanta | H66: Nile Delta | I66: Gold | J66: 44927
A67: CUS02805 | B67: Fady Salem | C67: Male | D67: 34824 | E67: 1246193334 | F67: fady.salem20@gmail.com | G67: Alexandria | H67: Alexandria | I67: Bronze | J67: 44257
A68: CUS02938 | B68: Suzy Mohamed | C68: Female | D68: 29104 | E68: 1189868447 | F68: suzy.mohamed95@yahoo.com | G68: Alexandria | H68: Alexandria | I68: Platinum | J68: 44096
A69: CUS00706 | B69: Hana Ismail | C69: Female | D69: 32864 | E69: 1089625763 | F69: hana.ismail73@hotmail.com | G69: Ismailia | H69: Canal Zone | I69: Bronze | J69: 44440
A70: CUS02271 | B70: Nadia Rizk | C70: FEMALE | D70: 31766 | E70: 1118659744 | F70: nadia.rizk62@hotmail.com | G70: Cairo | H70: Greater Cairo | I70: Bronze | J70: 45154
A71: CUS02125 | B71: Radwa Ali | C71: female | D71: 31092 | E71: 1039737286 | F71: radwa.ali88@gmail.com | G71: Ismailia | H71: Canal Zone | I71: Bronze | J71: 45058
A72: CUS02862 | B72: Hassan Mohamed | C72: Male | E72: 1082701326 | F72: hassan.mohamed1@yahoo.com | G72: Giza | H72: Greater Cairo | I72: Gold | J72: 44793
A73: CUS02590 | B73: Emad Fathy | C73: Male | E73: 1140198707 | F73: emad.fathy33@hotmail.com | G73: Tanta | H73: Nile Delta | I73: Bronze | J73: 44597
A74: CUS02445 | B74: Nadia Amin | C74: Female | D74: 29998 | E74: 1231347320 | F74: nadia.amin79@outlook.com | G74: Giza | H74: Greater Cairo | I74: Bronze | J74: 45112
A75: CUS01452 | B75: Dalia Ramadan | C75: Female | D75: 36930 | E75: 1169880867 | F75: dalia.ramadan65@outlook.com | G75: Mansoura | H75: Nile Delta | I75: Silver | J75: 44385
A76: CUS00140 | B76: Reem Ali | C76: FEMALE | D76: 30187 | E76: 1079946108 | F76: reem.ali42@yahoo.com | G76: Ismailia | H76: Canal Zone | I76: Silver | J76: 44183
A77: CUS02575 | B77: Bassem Badawi | C77: male | D77: 33461 | E77: 1145280103 | F77: bassem.badawi24@outlook.com | G77: Cairo | H77: Greater Cairo | I77: Bronze | J77: 43989
A78: CUS00582 | B78: Hana Ramadan | C78: female | D78: 32134 | E78: 1047158689 | F78: hana.ramadan37@hotmail.com | G78: Ismailia | H78: Canal Zone | I78: Bronze | J78: 44019
A79: CUS02606 | B79: Reem Badawi | C79: Female | D79: 37625 | E79: 1219554390 | F79: reem.badawi76@hotmail.com | G79: Alexandria | H79: Alexandria | I79: Silver | J79: 45253
A80: CUS00810 | B80: Karim Gouda | C80: Male | D80: 27998 | E80: 1296912383 | F80: karim.gouda93@yahoo.com | G80: Cairo | H80: Greater Cairo | I80: Silver | J80: 44725
A81: CUS02592 | B81: Mohamed Younis | C81: male | E81: 1193079615 | F81: mohamed.younis28@yahoo.com | G81: Hurghada | H81: Red Sea | I81: Gold | J81: 43987
A82: CUS01823 | B82: Lobna Attia | C82: FEMALE | D82: 34900 | E82: 1090607170 | F82: lobna.attia37@outlook.com | G82: Mansoura | H82: Nile Delta | I82: Bronze | J82: 44460
A83: CUS01476 | B83: Amr Ali | C83: Male | E83: 1161218112 | F83: amr.ali22@hotmail.com | G83: Mansoura | H83: Nile Delta | I83: Bronze | J83: 44304
A84: CUS01892 | B84: Reem Ibrahim | C84: Female | D84: 35081 | E84: 1279478250 | G84: Giza | H84: Greater Cairo | I84: Bronze | J84: 43842
A85: CUS01428 | B85: Maged Ismail | C85: Male | D85: 31861 | E85: 1236326944 | F85: maged.ismail63@yahoo.com | G85: Port Said | H85: Canal Zone | I85: Silver | J85: 44702
A86: CUS02586 | B86: Mohamed Farouk | C86: Male | D86: 33071 | E86: 1291780371 | F86: mohamed.farouk48@outlook.com | G86: Mansoura | H86: Nile Delta | I86: Gold | J86: 45139
A87: CUS00135 | B87: Adel Hamdy | C87: Male | D87: 35190 | E87: 1111416778 | F87: adel.hamdy61@gmail.com | G87: Port Said | H87: Canal Zone | I87: Bronze | J87: 45148
A88: CUS00742 | B88: Bassem Lotfy | C88: Male | D88: 26201 | E88: 1137531916 | F88: bassem.lotfy42@gmail.com | G88: Giza | H88: Greater Cairo | I88: Bronze | J88: 45189
A89: CUS00965 | B89: Magdy Younis | C89: Male | D89: 26515 | E89: 1135670862 | F89: magdy.younis91@hotmail.com | G89: Giza | H89: Greater Cairo | I89: Silver | J89: 43943
A90: CUS00150 | B90: Hussein Khalil | C90: Male | D90: 29842 | E90: 1255300210 | F90: hussein.khalil41@hotmail.com | G90: Cairo | H90: Greater Cairo | I90: Silver | J90: 44767
A91: CUS00241 | B91: Radwa Ragab | C91: Female | E91: 1029278938 | F91: radwa.ragab9@outlook.com | G91: Port Said | H91: Canal Zone | I91: Silver | J91: 43844
A92: CUS01767 | B92: Aisha Ismail | C92: Female | E92: 1291142579 | F92: aisha.ismail70@gmail.com | G92: Zagazig | H92: Nile Delta | I92: Gold | J92: 43935
A93: CUS01897 | B93: Fady Barakat | C93: Male | D93: 27721 | E93: 1273669065 | F93: fady.barakat40@outlook.com | G93: Mansoura | H93: Nile Delta | I93: Bronze | J93: 45233
A94: CUS02322 | B94: Maged Ali | C94: male | D94: 26857 | E94: 1069565923 | F94: maged.ali99@hotmail.com | G94: Tanta | H94: Nile Delta | I94: Bronze | J94: 43958
A95: CUS00175 | B95: Ashraf Badawi | C95: Male | D95: 27687 | E95: 1042844845 | F95: ashraf.badawi27@gmail.com | G95: Mansoura | H95: Nile Delta | I95: Silver | J95: 44257
A96: CUS00053 | B96: Hoda Amin | C96: Female | D96: 36590 | E96: 1114661179 | F96: hoda.amin80@yahoo.com | G96: Port Said | H96: Canal Zone | I96: Gold | J96: 44049
A97: CUS01147 | B97: Ashraf Sayed | C97: Male | D97: 25653 | E97: 1183421108 | F97: ashraf.sayed60@gmail.com | G97: Hurghada | H97: Red Sea | I97: Bronze | J97: 43911
A98: CUS00145 | B98: Neveen Attia | C98: Female | D98: 25889 | E98: 1134901990 | F98: neveen.attia42@gmail.com | G98: Giza | H98: Greater Cairo | I98: Silver | J98: 45033
A99: CUS00332 | B99: Ayman Mohamed | C99: Male | D99: 33366 | E99: 1073562365 | F99: ayman.mohamed31@gmail.com | G99: Zagazig | H99: Nile Delta | I99: Bronze | J99: 44978
A100: CUS00247 | B100: Nader Khalil | C100: Male | D100: 27855 | E100: 1239677351 | F100: nader.khalil68@gmail.com | G100: Giza | H100: Greater Cairo | I100: Bronze | J100: 45141
...

Sheet Clean_Data
A1: Source_Row | B1: Customer_ID_Clean | C1: Full_Name_Clean | D1: Gender_Clean | E1: Birth_Date_Clean | F1: Phone_Clean | G1: Email_Clean | H1: City_Clean | I1: Region_Clean | J1: Loyalty_Tier_Clean | K1: Registration_Date_Clean | L1: Email_Domain | M1: ID_Prefix | N1: ID_Number | O1: Phone_Last4 | P1: Display_Label | Q1: Record_Status | R1: Keep_Record
A2: =ROW(Raw_Data!A2) -> 2 | B2: =TRIM(CLEAN(Raw_Data!A2)) -> CUS01518 | C2: =IF(TRIM(CLEAN(Raw_Data!B2))="","Not Provided",PROPER(TRIM(CLEAN(Raw_Data!B2)))) -> Mohamed Mansour | D2: =IF(OR(PROPER(TRIM(CLEAN(Raw_Data!C2)))="Male",PROPER(TRIM(CLEAN(Raw_Data!C2)))="Female"),PROPER(TRIM(CLEAN(Raw_Data!C2))),"Unknown") -> Male | E2: =IF(ISNUMBER(Raw_Data!D2),Raw_Data!D2,IFERROR(DATEVALUE(Raw_Data!D2),"")) -> 29707 | F2: =IF(TRIM(CLEAN(Raw_Data!E2))="","Not Provided",TRIM(CLEAN(Raw_Data!E2))) -> 1158132110 | G2: =IF(TRIM(CLEAN(Raw_Data!F2))="","Not Provided",LOWER(TRIM(CLEAN(Raw_Data!F2)))) -> mohamed.mansour52@hotmail.com | H2: =IF(TRIM(CLEAN(Raw_Data!G2))="","Not Provided",PROPER(TRIM(CLEAN(Raw_Data!G2)))) -> Suez | I2: =IF(TRIM(CLEAN(Raw_Data!H2))="","Not Provided",PROPER(TRIM(CLEAN(Raw_Data!H2)))) -> Canal Zone | J2: =IF(OR(PROPER(TRIM(CLEAN(Raw_Data!I2)))="Bronze",PROPER(TRIM(CLEAN(Raw_Data!I2)))="Silver",PROPER(TRIM(CLEAN(Raw_Data!I2)))="Gold"),PROPER(TRIM(CLEAN(Raw_Data!I2))),"Unknown") -> Bronze | K2: =IF(ISNUMBER(Raw_Data!J2),Raw_Data!J2,IFERROR(DATEVALUE(Raw_Data!J2),"")) -> 44184 | L2: =IFERROR(MID(G2,FIND("@",G2)+1,99),"") -> hotmail.com | M2: =LEFT(B2,3) -> CUS | N2: =IFERROR(MID(B2,4,10),"") -> 01518 | O2: =RIGHT(F2,4) -> 2110 | P2: =CONCATENATE(C2," - ",J2) -> Mohamed Mansour - Bronze | Q2: =IF(B2="","Remove - missing ID",IF(OR(E2="",K2=""),"Remove - invalid date",IF(COUNTIF($B$2:B2,B2)>1,"Remove - duplicate ID","Keep"))) -> Keep | R2: =IF(Q2="Keep","Yes","No") -> Yes
A3: =ROW(Raw_Data!A3) -> 3 | B3: =TRIM(CLEAN(Raw_Data!A3)) -> CUS02370 | C3: =IF(TRIM(CLEAN(Raw_Data!B3))="","Not Provided",PROPER(TRIM(CLEAN(Raw_Data!B3)))) -> Maged Lotfy | D3: =IF(OR(PROPER(TRIM(CLEAN(Raw_Data!C3)))="Male",PROPER(TRIM(CLEAN(Raw_Data!C3)))="Female"),PROPER(TRIM(CLEAN(Raw_Data!C3))),"Unknown") -> Male | E3: =IF(ISNUMBER(Raw_Data!D3),Raw_Data!D3,IFERROR(DATEVALUE(Raw_Data!D3),"")) -> 37721 | F3: =IF(TRIM(CLEAN(Raw_Data!E3))="","Not Provided",TRIM(CLEAN(Raw_Data!E3))) -> 1281872177 | G3: =IF(TRIM(CLEAN(Raw_Data!F3))="","Not Provided",LOWER(TRIM(CLEAN(Raw_Data!F3)))) -> Not Provided | H3: =IF(TRIM(CLEAN(Raw_Data!G3))="","Not Provided",PROPER(TRIM(CLEAN(Raw_Data!G3)))) -> Zagazig | I3: =IF(TRIM(CLEAN(Raw_Data!H3))="","Not Provided",PROPER(TRIM(CLEAN(Raw_Data!H3)))) -> Nile Delta | J3: =IF(OR(PROPER(TRIM(CLEAN(Raw_Data!I3)))="Bronze",PROPER(TRIM(CLEAN(Raw_Data!I3)))="Silver",PROPER(TRIM(CLEAN(Raw_Data!I3)))="Gold"),PROPER(TRIM(CLEAN(Raw_Data!I3))),"Unknown") -> Bronze | K3: =IF(ISNUMBER(Raw_Data!J3),Raw_Data!J3,IFERROR(DATEVALUE(Raw_Data!J3),"")) -> 44329 | L3: =IFERROR(MID(G3,FIND("@",G3)+1,99),"") | M3: =LEFT(B3,3) -> CUS | N3: =IFERROR(MID(B3,4,10),"") -> 02370 | O3: =RIGHT(F3,4) -> 2177 | P3: =CONCATENATE(C3," - ",J3) -> Maged Lotfy - Bronze | Q3: =IF(B3="","Remove - missing ID",IF(OR(E3="",K3=""),"Remove - invalid date",IF(COUNTIF($B$2:B3,B3)>1,"Remove - duplicate ID","Keep"))) -> Keep | R3: =IF(Q3="Keep","Yes","No") -> Yes
A4: =ROW(Raw_Data!A4) -> 4 | B4: =TRIM(CLEAN(Raw_Data!A4)) -> CUS01962 | C4: =IF(TRIM(CLEAN(Raw_Data!B4))="","Not Provided",PROPER(TRIM(CLEAN(Raw_Data!B4)))) -> Ahmed Hafez | D4: =IF(OR(PROPER(TRIM(CLEAN(Raw_Data!C4)))="Male",PROPER(TRIM(CLEAN(Raw_Data!C4)))="Female"),PROPER(TRIM(CLEAN(Raw_Data!C4))),"Unknown") -> Male | E4: =IF(ISNUMBER(Raw_Data!D4),Raw_Data!D4,IFERROR(DATEVALUE(Raw_Data!D4),"")) -> 26056 | F4: =IF(TRIM(CLEAN(Raw_Data!E4))="","Not Provided",TRIM(CLEAN(Raw_Data!E4))) -> 1141856715 | G4: =IF(TRIM(CLEAN(Raw_Data!F4))="","Not Provided",LOWER(TRIM(CLEAN(Raw_Data!F4)))) -> ahmed.hafez18@outlook.com | H4: =IF(TRIM(CLEAN(Raw_Data!G4))="","Not Provided",PROPER(TRIM(CLEAN(Raw_Data!G4)))) -> Giza | I4: =IF(TRIM(CLEAN(Raw_Data!H4))="","Not Provided",PROPER(TRIM(CLEAN(Raw_Data!H4)))) -> Greater Cairo | J4: =IF(OR(PROPER(TRIM(CLEAN(Raw_Data!I4)))="Bronze",PROPER(TRIM(CLEAN(Raw_Data!I4)))="Silver",PROPER(TRIM(CLEAN(Raw_Data!I4)))="Gold"),PROPER(TRIM(CLEAN(Raw_Data!I4))),"Unknown") -> Gold | K4: =IF(ISNUMBER(Raw_Data!J4),Raw_Data!J4,IFERROR(DATEVALUE(Raw_Data!J4),"")) -> 45195 | L4: =IFERROR(MID(G4,FIND("@",G4)+1,99),"") -> outlook.com | M4: =LEFT(B4,3) -> CUS | N4: =IFERROR(MID(B4,4,10),"") -> 01962 | O4: =RIGHT(F4,4) -> 6715 | P4: =CONCATENATE(C4," - ",J4) -> Ahmed Hafez - Gold | Q4: =IF(B4="","Remove - missing ID",IF(OR(E4="",K4=""),"Remove - invalid date",IF(COUNTIF($B$2:B4,B4)>1,"Remove - duplicate ID","Keep"))) -> Keep | R4: =IF(Q4="Keep","Yes","No") -> Yes
A5: =ROW(Raw_Data!A5) -> 5 | B5: =TRIM(CLEAN(Raw_Data!A5)) -> CUS00344 | C5: =IF(TRIM(CLEAN(Raw_Data!B5))="","Not Provided",PROPER(TRIM(CLEAN(Raw_Data!B5)))) -> Hoda Fathy | D5: =IF(OR(PROPER(TRIM(CLEAN(Raw_Data!C5)))="Male",PROPER(TRIM(CLEAN(Raw_Data!C5)))="Female"),PROPER(TRIM(CLEAN(Raw_Data!C5))),"Unknown") -> Female | E5: =IF(ISNUMBER(Raw_Data!D5),Raw_Data!D5,IFERROR(DATEVALUE(Raw_Data!D5),"")) -> 36665 | F5: =IF(TRIM(CLEAN(Raw_Data!E5))="","Not Provided",TRIM(CLEAN(Raw_Data!E5))) -> 1195645083 | G5: =IF(TRIM(CLEAN(Raw_Data!F5))="","Not Provided",LOWER(TRIM(CLEAN(Raw_Data!F5)))) -> hoda.fathy26@outlook.com | H5: =IF(TRIM(CLEAN(Raw_Data!G5))="","Not Provided",PROPER(TRIM(CLEAN(Raw_Data!G5)))) -> Giza | I5: =IF(TRIM(CLEAN(Raw_Data!H5))="","Not Provided",PROPER(TRIM(CLEAN(Raw_Data!H5)))) -> Greater Cairo | J5: =IF(OR(PROPER(TRIM(CLEAN(Raw_Data!I5)))="Bronze",PROPER(TRIM(CLEAN(Raw_Data!I5)))="Silver",PROPER(TRIM(CLEAN(Raw_Data!I5)))="Gold"),PROPER(TRIM(CLEAN(Raw_Data!I5))),"Unknown") -> Bronze | K5: =IF(ISNUMBER(Raw_Data!J5),Raw_Data!J5,IFERROR(DATEVALUE(Raw_Data!J5),"")) -> 44384 | L5: =IFERROR(MID(G5,FIND("@",G5)+1,99),"") -> outlook.com | M5: =LEFT(B5,3) -> CUS | N5: =IFERROR(MID(B5,4,10),"") -> 00344 | O5: =RIGHT(F5,4) -> 5083 | P5: =CONCATENATE(C5," - ",J5) -> Hoda Fathy - Bronze | Q5: =IF(B5="","Remove - missing ID",IF(OR(E5="",K5=""),"Remove - invalid date",IF(COUNTIF($B$2:B5,B5)>1,"Remove - duplicate ID","Keep"))) -> Keep | R5: =IF(Q5="Keep","Yes","No") -> Yes
A6: =ROW(Raw_Data!A6) -> 6 | B6: =TRIM(CLEAN(Raw_Data!A6)) -> CUS02664 | C6: =IF(TRIM(CLEAN(Raw_Data!B6))="","Not Provided",PROPER(TRIM(CLEAN(Raw_Data!B6)))) -> Hussein Lotfy | D6: =IF(OR(PROPER(TRIM(CLEAN(Raw_Data!C6)))="Male",PROPER(TRIM(CLEAN(Raw_Data!C6)))="Female"),PROPER(TRIM(CLEAN(Raw_Data!C6))),"Unknown") -> Male | E6: =IF(ISNUMBER(Raw_Data!D6),Raw_Data!D6,IFERROR(DATEVALUE(Raw_Data!D6),"")) -> 36155 | F6: =IF(TRIM(CLEAN(Raw_Data!E6))="","Not Provided",TRIM(CLEAN(Raw_Data!E6))) -> 1149528740 | G6: =IF(TRIM(CLEAN(Raw_Data!F6))="","Not Provided",LOWER(TRIM(CLEAN(Raw_Data!F6)))) -> hussein.lotfy80@gmail.com | H6: =IF(TRIM(CLEAN(Raw_Data!G6))="","Not Provided",PROPER(TRIM(CLEAN(Raw_Data!G6)))) -> Tanta | I6: =IF(TRIM(CLEAN(Raw_Data!H6))="","Not Provided",PROPER(TRIM(CLEAN(Raw_Data!H6)))) -> Nile Delta | J6: =IF(OR(PROPER(TRIM(CLEAN(Raw_Data!I6)))="Bronze",PROPER(TRIM(CLEAN(Raw_Data!I6)))="Silver",PROPER(TRIM(CLEAN(Raw_Data!I6)))="Gold"),PROPER(TRIM(CLEAN(Raw_Data!I6))),"Unknown") -> Gold | K6: =IF(ISNUMBER(Raw_Data!J6),Raw_Data!J6,IFERROR(DATEVALUE(Raw_Data!J6),"")) -> 44839 | L6: =IFERROR(MID(G6,FIND("@",G6)+1,99),"") -> gmail.com | M6: =LEFT(B6,3) -> CUS | N6: =IFERROR(MID(B6,4,10),"") -> 02664 | O6: =RIGHT(F6,4) -> 8740 | P6: =CONCATENATE(C6," - ",J6) -> Hussein Lotfy - Gold | Q6: =IF(B6="","Remove - missing ID",IF(OR(E6="",K6=""),"Remove - invalid date",IF(COUNTIF($B$2:B6,B6)>1,"Remove - duplicate ID","Keep"))) -> Keep | R6: =IF(Q6="Keep","Yes","No") -> Yes
A7: =ROW(Raw_Data!A7) -> 7 | B7: =TRIM(CLEAN(Raw_Data!A7)) -> CUS01174 | C7: =IF(TRIM(CLEAN(Raw_Data!B7))="","Not Provided",PROPER(TRIM(CLEAN(Raw_Data!B7)))) -> Nour Mostafa | D7: =IF(OR(PROPER(TRIM(CLEAN(Raw_Data!C7)))="Male",PROPER(TRIM(CLEAN(Raw_Data!C7)))="Female"),PROPER(TRIM(CLEAN(Raw_Data!C7))),"Unknown") -> Female | E7: =IF(ISNUMBER(Raw_Data!D7),Raw_Data!D7,IFERROR(DATEVALUE(Raw_Data!D7),"")) -> 30843 | F7: =IF(TRIM(CLEAN(Raw_Data!E7))="","Not Provided",TRIM(CLEAN(Raw_Data!E7))) -> 1114481563 | G7: =IF(TRIM(CLEAN(Raw_Data!F7))="","Not Provided",LOWER(TRIM(CLEAN(Raw_Data!F7)))) -> nour.mostafa72@hotmail.com | H7: =IF(TRIM(CLEAN(Raw_Data!G7))="","Not Provided",PROPER(TRIM(CLEAN(Raw_Data!G7)))) -> Cairo | I7: =IF(TRIM(CLEAN(Raw_Data!H7))="","Not Provided",PROPER(TRIM(CLEAN(Raw_Data!H7)))) -> Greater Cairo | J7: =IF(OR(PROPER(TRIM(CLEAN(Raw_Data!I7)))="Bronze",PROPER(TRIM(CLEAN(Raw_Data!I7)))="Silver",PROPER(TRIM(CLEAN(Raw_Data!I7)))="Gold"),PROPER(TRIM(CLEAN(Raw_Data!I7))),"Unknown") -> Silver | K7: =IF(ISNUMBER(Raw_Data!J7),Raw_Data!J7,IFERROR(DATEVALUE(Raw_Data!J7),"")) -> 44476 | L7: =IFERROR(MID(G7,FIND("@",G7)+1,99),"") -> hotmail.com | M7: =LEFT(B7,3) -> CUS | N7: =IFERROR(MID(B7,4,10),"") -> 01174 | O7: =RIGHT(F7,4) -> 1563 | P7: =CONCATENATE(C7," - ",J7) -> Nour Mostafa - Silver | Q7: =IF(B7="","Remove - missing ID",IF(OR(E7="",K7=""),"Remove - invalid date",IF(COUNTIF($B$2:B7,B7)>1,"Remove - duplicate ID","Keep"))) -> Keep | R7: =IF(Q7="Keep","Yes","No") -> Yes
A8: =ROW(Raw_Data!A8) -> 8 | B8: =TRIM(CLEAN(Raw_Data!A8)) -> CUS02677 | C8: =IF(TRIM(CLEAN(Raw_Data!B8))="","Not Provided",PROPER(TRIM(CLEAN(Raw_Data!B8)))) -> Hazem Hamdy | D8: =IF(OR(PROPER(TRIM(CLEAN(Raw_Data!C8)))="Male",PROPER(TRIM(CLEAN(Raw_Data!C8)))="Female"),PROPER(TRIM(CLEAN(Raw_Data!C8))),"Unknown") -> Male | E8: =IF(ISNUMBER(Raw_Data!D8),Raw_Data!D8,IFERROR(DATEVALUE(Raw_Data!D8),"")) -> 27297 | F8: =IF(TRIM(CLEAN(Raw_Data!E8))="","Not Provided",TRIM(CLEAN(Raw_Data!E8))) -> 1084698064 | G8: =IF(TRIM(CLEAN(Raw_Data!F8))="","Not Provided",LOWER(TRIM(CLEAN(Raw_Data!F8)))) -> hazem.hamdy68@outlook.com | H8: =IF(TRIM(CLEAN(Raw_Data!G8))="","Not Provided",PROPER(TRIM(CLEAN(Raw_Data!G8)))) -> Giza | I8: =IF(TRIM(CLEAN(Raw_Data!H8))="","Not Provided",PROPER(TRIM(CLEAN(Raw_Data!H8)))) -> Greater Cairo | J8: =IF(OR(PROPER(TRIM(CLEAN(Raw_Data!I8)))="Bronze",PROPER(TRIM(CLEAN(Raw_Data!I8)))="Silver",PROPER(TRIM(CLEAN(Raw_Data!I8)))="Gold"),PROPER(TRIM(CLEAN(Raw_Data!I8))),"Unknown") -> Bronze | K8: =IF(ISNUMBER(Raw_Data!J8),Raw_Data!J8,IFERROR(DATEVALUE(Raw_Data!J8),"")) -> 43858 | L8: =IFERROR(MID(G8,FIND("@",G8)+1,99),"") -> outlook.com | M8: =LEFT(B8,3) -> CUS | N8: =IFERROR(MID(B8,4,10),"") -> 02677 | O8: =RIGHT(F8,4) -> 8064 | P8: =CONCATENATE(C8," - ",J8) -> Hazem Hamdy - Bronze | Q8: =IF(B8="","Remove - missing ID",IF(OR(E8="",K8=""),"Remove - invalid date",IF(COUNTIF($B$2:B8,B8)>1,"Remove - duplicate ID","Keep"))) -> Keep | R8: =IF(Q8="Keep","Yes","No") -> Yes
A9: =ROW(Raw_Data!A9) -> 9 | B9: =TRIM(CLEAN(Raw_Data!A9)) -> CUS01028 | C9: =IF(TRIM(CLEAN(Raw_Data!B9))="","Not Provided",PROPER(TRIM(CLEAN(Raw_Data!B9)))) -> Fatima Ramadan | D9: =IF(OR(PROPER(TRIM(CLEAN(Raw_Data!C9)))="Male",PROPER(TRIM(CLEAN(Raw_Data!C9)))="Female"),PROPER(TRIM(CLEAN(Raw_Data!C9))),"Unknown") -> Female | E9: =IF(ISNUMBER(Raw_Data!D9),Raw_Data!D9,IFERROR(DATEVALUE(Raw_Data!D9),"")) -> 27687 | F9: =IF(TRIM(CLEAN(Raw_Data!E9))="","Not Provided",TRIM(CLEAN(Raw_Data!E9))) -> 1019232076 | G9: =IF(TRIM(CLEAN(Raw_Data!F9))="","Not Provided",LOWER(TRIM(CLEAN(Raw_Data!F9)))) -> fatima.ramadan42@outlook.com | H9: =IF(TRIM(CLEAN(Raw_Data!G9))="","Not Provided",PROPER(TRIM(CLEAN(Raw_Data!G9)))) -> Aswan | I9: =IF(TRIM(CLEAN(Raw_Data!H9))="","Not Provided",PROPER(TRIM(CLEAN(Raw_Data!H9)))) -> Upper Egypt | J9: =IF(OR(PROPER(TRIM(CLEAN(Raw_Data!I9)))="Bronze",PROPER(TRIM(CLEAN(Raw_Data!I9)))="Silver",PROPER(TRIM(CLEAN(Raw_Data!I9)))="Gold"),PROPER(TRIM(CLEAN(Raw_Data!I9))),"Unknown") -> Bronze | K9: =IF(ISNUMBER(Raw_Data!J9),Raw_Data!J9,IFERROR(DATEVALUE(Raw_Data!J9),"")) -> 45019 | L9: =IFERROR(MID(G9,FIND("@",G9)+1,99),"") -> outlook.com | M9: =LEFT(B9,3) -> CUS | N9: =IFERROR(MID(B9,4,10),"") -> 01028 | O9: =RIGHT(F9,4) -> 2076 | P9: =CONCATENATE(C9," - ",J9) -> Fatima Ramadan - Bronze | Q9: =IF(B9="","Remove - missing ID",IF(OR(E9="",K9=""),"Remove - invalid date",IF(COUNTIF($B$2:B9,B9)>1,"Remove - duplicate ID","Keep"))) -> Keep | R9: =IF(Q9="Keep","Yes","No") -> Yes
A10: =ROW(Raw_Data!A10) -> 10 | B10: =TRIM(CLEAN(Raw_Data!A10)) -> CUS02084 | C10: =IF(TRIM(CLEAN(Raw_Data!B10))="","Not Provided",PROPER(TRIM(CLEAN(Raw_Data!B10)))) -> Ramy Farouk | D10: =IF(OR(PROPER(TRIM(CLEAN(Raw_Data!C10)))="Male",PROPER(TRIM(CLEAN(Raw_Data!C10)))="Female"),PROPER(TRIM(CLEAN(Raw_Data!C10))),"Unknown") -> Male | E10: =IF(ISNUMBER(Raw_Data!D10),Raw_Data!D10,IFERROR(DATEVALUE(Raw_Data!D10),"")) | F10: =IF(TRIM(CLEAN(Raw_Data!E10))="","Not Provided",TRIM(CLEAN(Raw_Data!E10))) -> 1069113227 | G10: =IF(TRIM(CLEAN(Raw_Data!F10))="","Not Provided",LOWER(TRIM(CLEAN(Raw_Data!F10)))) -> Not Provided | H10: =IF(TRIM(CLEAN(Raw_Data!G10))="","Not Provided",PROPER(TRIM(CLEAN(Raw_Data!G10)))) -> Suez | I10: =IF(TRIM(CLEAN(Raw_Data!H10))="","Not Provided",PROPER(TRIM(CLEAN(Raw_Data!H10)))) -> Canal Zone | J10: =IF(OR(PROPER(TRIM(CLEAN(Raw_Data!I10)))="Bronze",PROPER(TRIM(CLEAN(Raw_Data!I10)))="Silver",PROPER(TRIM(CLEAN(Raw_Data!I10)))="Gold"),PROPER(TRIM(CLEAN(Raw_Data!I10))),"Unknown") -> Silver | K10: =IF(ISNUMBER(Raw_Data!J10),Raw_Data!J10,IFERROR(DATEVALUE(Raw_Data!J10),"")) -> 44448 | L10: =IFERROR(MID(G10,FIND("@",G10)+1,99),"") | M10: =LEFT(B10,3) -> CUS | N10: =IFERROR(MID(B10,4,10),"") -> 02084 | O10: =RIGHT(F10,4) -> 3227 | P10: =CONCATENATE(C10," - ",J10) -> Ramy Farouk - Silver | Q10: =IF(B10="","Remove - missing ID",IF(OR(E10="",K10=""),"Remove - invalid date",IF(COUNTIF($B$2:B10,B10)>1,"Remove - duplicate ID","Keep"))) -> Remove - invalid date | R10: =IF(Q10="Keep","Yes","No") -> No
A11: =ROW(Raw_Data!A11) -> 11 | B11: =TRIM(CLEAN(Raw_Data!A11)) -> CUS01445 | C11: =IF(TRIM(CLEAN(Raw_Data!B11))="","Not Provided",PROPER(TRIM(CLEAN(Raw_Data!B11)))) -> Sherif Zaki | D11: =IF(OR(PROPER(TRIM(CLEAN(Raw_Data!C11)))="Male",PROPER(TRIM(CLEAN(Raw_Data!C11)))="Female"),PROPER(TRIM(CLEAN(Raw_Data!C11))),"Unknown") -> Male | E11: =IF(ISNUMBER(Raw_Data!D11),Raw_Data!D11,IFERROR(DATEVALUE(Raw_Data!D11),"")) -> 33609 | F11: =IF(TRIM(CLEAN(Raw_Data!E11))="","Not Provided",TRIM(CLEAN(Raw_Data!E11))) -> Not Provided | G11: =IF(TRIM(CLEAN(Raw_Data!F11))="","Not Provided",LOWER(TRIM(CLEAN(Raw_Data!F11)))) -> sherif.zaki7@hotmail.com | H11: =IF(TRIM(CLEAN(Raw_Data!G11))="","Not Provided",PROPER(TRIM(CLEAN(Raw_Data!G11)))) -> Luxor | I11: =IF(TRIM(CLEAN(Raw_Data!H11))="","Not Provided",PROPER(TRIM(CLEAN(Raw_Data!H11)))) -> Upper Egypt | J11: =IF(OR(PROPER(TRIM(CLEAN(Raw_Data!I11)))="Bronze",PROPER(TRIM(CLEAN(Raw_Data!I11)))="Silver",PROPER(TRIM(CLEAN(Raw_Data!I11)))="Gold"),PROPER(TRIM(CLEAN(Raw_Data!I11))),"Unknown") -> Silver | K11: =IF(ISNUMBER(Raw_Data!J11),Raw_Data!J11,IFERROR(DATEVALUE(Raw_Data!J11),"")) -> 44129 | L11: =IFERROR(MID(G11,FIND("@",G11)+1,99),"") -> hotmail.com | M11: =LEFT(B11,3) -> CUS | N11: =IFERROR(MID(B11,4,10),"") -> 01445 | O11: =RIGHT(F11,4) -> ided | P11: =CONCATENATE(C11," - ",J11) -> Sherif Zaki - Silver | Q11: =IF(B11="","Remove - missing ID",IF(OR(E11="",K11=""),"Remove - invalid date",IF(COUNTIF($B$2:B11,B11)>1,"Remove - duplicate ID","Keep"))) -> Keep | R11: =IF(Q11="Keep","Yes","No") -> Yes
A12: =ROW(Raw_Data!A12) -> 12 | B12: =TRIM(CLEAN(Raw_Data!A12)) -> CUS00933 | C12: =IF(TRIM(CLEAN(Raw_Data!B12))="","Not Provided",PROPER(TRIM(CLEAN(Raw_Data!B12)))) -> Not Provided | D12: =IF(OR(PROPER(TRIM(CLEAN(Raw_Data!C12)))="Male",PROPER(TRIM(CLEAN(Raw_Data!C12)))="Female"),PROPER(TRIM(CLEAN(Raw_Data!C12))),"Unknown") -> Male | E12: =IF(ISNUMBER(Raw_Data!D12),Raw_Data!D12,IFERROR(DATEVALUE(Raw_Data!D12),"")) -> 33225 | F12: =IF(TRIM(CLEAN(Raw_Data!E12))="","Not Provided",TRIM(CLEAN(Raw_Data!E12))) -> 1229438263 | G12: =IF(TRIM(CLEAN(Raw_Data!F12))="","Not Provided",LOWER(TRIM(CLEAN(Raw_Data!F12)))) -> bassem.farouk40@gmail.com | H12: =IF(TRIM(CLEAN(Raw_Data!G12))="","Not Provided",PROPER(TRIM(CLEAN(Raw_Data!G12)))) -> Ismailia | I12: =IF(TRIM(CLEAN(Raw_Data!H12))="","Not Provided",PROPER(TRIM(CLEAN(Raw_Data!H12)))) -> Canal Zone | J12: =IF(OR(PROPER(TRIM(CLEAN(Raw_Data!I12)))="Bronze",PROPER(TRIM(CLEAN(Raw_Data!I12)))="Silver",PROPER(TRIM(CLEAN(Raw_Data!I12)))="Gold"),PROPER(TRIM(CLEAN(Raw_Data!I12))),"Unknown") -> Silver | K12: =IF(ISNUMBER(Raw_Data!J12),Raw_Data!J12,IFERROR(DATEVALUE(Raw_Data!J12),"")) -> 44191 | L12: =IFERROR(MID(G12,FIND("@",G12)+1,99),"") -> gmail.com | M12: =LEFT(B12,3) -> CUS | N12: =IFERROR(MID(B12,4,10),"") -> 00933 | O12: =RIGHT(F12,4) -> 8263 | P12: =CONCATENATE(C12," - ",J12) -> Not Provided - Silver | Q12: =IF(B12="","Remove - missing ID",IF(OR(E12="",K12=""),"Remove - invalid date",IF(COUNTIF($B$2:B12,B12)>1,"Remove - duplicate ID","Keep"))) -> Keep | R12: =IF(Q12="Keep","Yes","No") -> Yes
A13: =ROW(Raw_Data!A13) -> 13 | B13: =TRIM(CLEAN(Raw_Data!A13)) -> CUS00179 | C13: =IF(TRIM(CLEAN(Raw_Data!B13))="","Not Provided",PROPER(TRIM(CLEAN(Raw_Data!B13)))) -> Hossam Fathy | D13: =IF(OR(PROPER(TRIM(CLEAN(Raw_Data!C13)))="Male",PROPER(TRIM(CLEAN(Raw_Data!C13)))="Female"),PROPER(TRIM(CLEAN(Raw_Data!C13))),"Unknown") -> Male | E13: =IF(ISNUMBER(Raw_Data!D13),Raw_Data!D13,IFERROR(DATEVALUE(Raw_Data!D13),"")) -> 29867 | F13: =IF(TRIM(CLEAN(Raw_Data!E13))="","Not Provided",TRIM(CLEAN(Raw_Data!E13))) -> 1248988647 | G13: =IF(TRIM(CLEAN(Raw_Data!F13))="","Not Provided",LOWER(TRIM(CLEAN(Raw_Data!F13)))) -> hossam.fathy16@yahoo.com | H13: =IF(TRIM(CLEAN(Raw_Data!G13))="","Not Provided",PROPER(TRIM(CLEAN(Raw_Data!G13)))) -> Port Said | I13: =IF(TRIM(CLEAN(Raw_Data!H13))="","Not Provided",PROPER(TRIM(CLEAN(Raw_Data!H13)))) -> Not Provided | J13: =IF(OR(PROPER(TRIM(CLEAN(Raw_Data!I13)))="Bronze",PROPER(TRIM(CLEAN(Raw_Data!I13)))="Silver",PROPER(TRIM(CLEAN(Raw_Data!I13)))="Gold"),PROPER(TRIM(CLEAN(Raw_Data!I13))),"Unknown") -> Bronze | K13: =IF(ISNUMBER(Raw_Data!J13),Raw_Data!J13,IFERROR(DATEVALUE(Raw_Data!J13),"")) -> 45109 | L13: =IFERROR(MID(G13,FIND("@",G13)+1,99),"") -> yahoo.com | M13: =LEFT(B13,3) -> CUS | N13: =IFERROR(MID(B13,4,10),"") -> 00179 | O13: =RIGHT(F13,4) -> 8647 | P13: =CONCATENATE(C13," - ",J13) -> Hossam Fathy - Bronze | Q13: =IF(B13="","Remove - missing ID",IF(OR(E13="",K13=""),"Remove - invalid date",IF(COUNTIF($B$2:B13,B13)>1,"Remove - duplicate ID","Keep"))) -> Keep | R13: =IF(Q13="Keep","Yes","No") -> Yes
... A166: =ROW(Raw_Data!A166) -> 166 | B166: =TRIM(CLEAN(Raw_Data!A166)) | C166: =IF(TRIM(CLEAN(Raw_Data!B166))="","Not Provided",PROPER(TRIM(CLEAN(Raw_Data!B166)))) -> Dina Attia | D166: =IF(OR(PROPER(TRIM(CLEAN(Raw_Data!C166)))="Male",PROPER(TRIM(CLEAN(Raw_Data!C166)))="Female"),PROPER(TRIM(CLEAN(Raw_Data!C166))),"Unknown") -> Female | E166: =IF(ISNUMBER(Raw_Data!D166),Raw_Data!D166,IFERROR(DATEVALUE(Raw_Data!D166),"")) -> 28548 | F166: =IF(TRIM(CLEAN(Raw_Data!E166))="","Not Provided",TRIM(CLEAN(Raw_Data!E166))) -> 1272850928 | G166: =IF(TRIM(CLEAN(Raw_Data!F166))="","Not Provided",LOWER(TRIM(CLEAN(Raw_Data!F166)))) -> dina.attia61@yahoo.com | H166: =IF(TRIM(CLEAN(Raw_Data!G166))="","Not Provided",PROPER(TRIM(CLEAN(Raw_Data!G166)))) -> Alexandria | I166: =IF(TRIM(CLEAN(Raw_Data!H166))="","Not Provided",PROPER(TRIM(CLEAN(Raw_Data!H166)))) -> Alexandria | J166: =IF(OR(PROPER(TRIM(CLEAN(Raw_Data!I166)))="Bronze",PROPER(TRIM(CLEAN(Raw_Data!I166)))="Silver",PROPER(TRIM(CLEAN(Raw_Data!I166)))="Gold"),PROPER(TRIM(CLEAN(Raw_Data!I166))),"Unknown") -> Gold | K166: =IF(ISNUMBER(Raw_Data!J166),Raw_Data!J166,IFERROR(DATEVALUE(Raw_Data!J166),"")) -> 44283 | L166: =IFERROR(MID(G166,FIND("@",G166)+1,99),"") -> yahoo.com | M166: =LEFT(B166,3) | N166: =IFERROR(MID(B166,4,10),"") | O166: =RIGHT(F166,4) -> 0928 | P166: =CONCATENATE(C166," - ",J166) -> Dina Attia - Gold | Q166: =IF(B166="","Remove - missing ID",IF(OR(E166="",K166=""),"Remove - invalid date",IF(COUNTIF($B$2:B166,B166)>1,"Remove - duplicate ID","Keep"))) -> Remove - missing ID | R166: =IF(Q166="Keep","Yes","No") -> No

Sheet Data_Quality_Check
A1: Data Quality Check – Formula Based
A3: Summary Metric | B3: Before | C3: After | D3: Status
A4: Total Raw Rows | B4: =COUNTA(Raw_Data!C:C)-1 -> 165 | C4: =COUNTIF(tblCleanFormula[Keep_Record],"Yes") -> 135 | D4: Formula
A5: Rows Kept | B5: =COUNTIF(tblCleanFormula[Keep_Record],"Yes") -> 135 | C5: =COUNTIF(tblCleanFormula[Keep_Record],"Yes") -> 135 | D5: Formula
A6: Duplicate Rows Found | B6: 10 | C6: 0 | D6: Cleaned by flag
A7: Missing Values Found | B7: 38 | C7: 0 | D7: Handled by formula
A8: Invalid Records Found | B8: 2 | C8: 0 | D8: Flagged
A9: Rows Removed | B9: =B4-C4 -> 30 | C9: 0 | D9: Calculated
A10: Rows Corrected | B10: 38 | C10: 0 | D10: Standardized
A13: Issue | B13: Before | C13: After | D13: Status
A14: Duplicate Records | B14: 10 | C14: 0 | D14: Clean
A15: Blank / Null Values | B15: 38 | C15: 0 | D15: Handled
A16: Invalid Customer ID | B16: 2 | C16: 0 | D16: Flagged
A17: Invalid Date Values | B17: 29 | C17: 0 | D17: Flagged
A18: Inconsistent Gender / Tier | B18: 4 | C18: 0 | D18: Standardized
A19: Extra Spaces | B19: 4 | C19: 0 | D19: Trimmed
